,Reference_Product,Product_Desciption,Product_Price,Disponibility
0,[V5-NANO-BK],"Double SIM - Ecran 4"" WVGA - Résolution: 800 x 480 pixels - Processeur SC7731E Quad Core 1.3 Ghz - RAM 512 Mo - Mémoire 4 Go - Android 9 Pie - 2x Appareils Photos 2 MP Arrière, 0.3 MP Frontale - Wifi - 3G - Bluetooth - GPRS - Batterie 1400 mAh - Couleur Noir - Garantie 1 an","142,000 TND",En stock
1,[M10NANO-BL],"Double SIM - Ecran 4.0"" WVGA TN 800x480 2.5D - Processeur Quad Core 1.3 Ghz - RAM 1 Go - Mémoire 16 Go - Android 8.1 GO - 2x Appareils Photos 2 MP Arrière, 2 MP Frontale - Wifi - 3G - Bluetooth - GPS - FM - Batterie 1500 mAh - Couleur Bleu - Garantie 1 an + SIM Orange Offerte 40 Go","165,000 TND",En stock
2,[M10NANO-GO],"Double SIM - Ecran 4.0"" WVGA TN 800x480 2.5D - Processeur Quad Core 1.3 Ghz - RAM 1 Go - Mémoire 16 Go - Android 8.1 GO - 2x Appareils Photos 2 MP Arrière, 2 MP Frontale - Wifi - 3G - Bluetooth - GPS - FM - Batterie 1500 mAh - Couleur Gold - Garantie 1 an + SIM Orange Offerte 40 Go","165,000 TND",En stock
3,[V5-BL],"Double SIM - Ecran 4.95"" - Résolution: 480 x 960 pixels - Processeur SC7731E Quad Core 1.3 Ghz - RAM 1 Go - Mémoire 8 Go - Android Go - 2x Appareils Photos 5 MP Arrière, 5 MP Frontale - Wifi - 3G - Bluetooth - GPS - Batterie 2000 mAh - Couleur Bleu - Garantie 1 an + SIM Orange Offerte (40 Go)","205,000 TND",En stock
4,[V5-GO],"Double SIM - Ecran 4.95"" - Résolution: 480 x 960 pixels - Processeur SC7731E Quad Core 1.3 Ghz - RAM 1 Go - Mémoire 8 Go - Android Go - 2x Appareils Photos 5 MP Arrière, 5 MP Frontale - Wifi - 3G - Bluetooth - GPS - Batterie 2000 mAh - Couleur Gold - Garantie 1 an + SIM Orange Offerte (40 Go)","205,000 TND",En stock
5,[V5-GR],"Double SIM - Ecran 4.95"" - Résolution: 480 x 960 pixels - Processeur SC7731E Quad Core 1.3 Ghz - RAM 1 Go - Mémoire 8 Go - Android Go - 2x Appareils Photos 5 MP Arrière, 5 MP Frontale - Wifi - 3G - Bluetooth - GPS - Batterie 2000 mAh - Couleur Silver - Garantie 1 an + SIM Orange Offerte (40 Go)","205,000 TND",En stock
6,[M10-BL],"Double SIM - Ecran 5.45"" FWVGA+ TN 18:9 Full Screen 2.5D - Processeur SC7731E Quad Core 1.3 Ghz - RAM 1 Go - Mémoire 16 Go - Android GO - 2x Appareils Photos 5 MP Arrière, 5 MP Frontale - Wifi - 3G - Bluetooth - FM - Batterie 2500 mAh - Couleur Bleu - Garantie 1 an + SIM Orange Offerte 40 Go","219,000 TND",En stock
7,[M10-CO],"Double SIM - Ecran 5.45"" FWVGA+ TN 18:9 Full Screen 2.5D - Processeur SC7731E Quad Core 1.3 Ghz - RAM 1 Go - Mémoire 16 Go - Android GO - 2x Appareils Photos 5 MP Arrière, 5 MP Frontale - Wifi - 3G - Bluetooth - FM - Batterie 2500 mAh - Couleur Café - Garantie 1 an + SIM Orange Offerte 40 Go","219,000 TND",En stock
8,[M10-GR],"Double SIM - Ecran 5.45"" FWVGA+ TN 18:9 Full Screen 2.5D - Processeur SC7731E Quad Core 1.3 Ghz - RAM 1 Go - Mémoire 16 Go - Android GO - 2x Appareils Photos 5 MP Arrière, 5 MP Frontale - Wifi - 3G - Bluetooth - FM - Batterie 2500 mAh - Couleur Vert - Garantie 1 an + SIM Orange Offerte 40 Go","219,000 TND",En stock
9,[M10-RD],"Double SIM - Ecran 5.45"" FWVGA+ TN 18:9 Full Screen 2.5D - Processeur SC7731E Quad Core 1.3 Ghz - RAM 1 Go - Mémoire 16 Go - Android GO - 2x Appareils Photos 5 MP Arrière, 5 MP Frontale - Wifi - 3G - Bluetooth - FM - Batterie 2500 mAh - Couleur Rouge - Garantie 1 an + SIM Orange Offerte 40 Go","219,000 TND",En stock
10,[V553-BK],"Double SIM - Ecran 5.5"" - Processeur Quad Core 1.3GHz - RAM 1 Go - Mémoire 8 Go - Android 6.0 Marshmallow - 2x Appareils Photos 5 Mégapixels (Arrière), 5 Mégapixels (Frontale) - 3G - Wifi - GPS - Bluetooth - Batterie 2500 mAh - Couleur Noir - Garantie 1 an + SIM Orange Offerte (40 Go)","249,000 TND",En stock
11,[V553-GO],"Double SIM - Ecran 5.5"" - Processeur Quad Core 1.3GHz - RAM 1 Go - Mémoire 8 Go - Android 6.0 Marshmallow - 2x Appareils Photos 5 Mégapixels (Arrière), 5 Mégapixels (Frontale) - 3G - Wifi - GPS - Bluetooth - Batterie 2500 mAh - Couleur Gold - Garantie 1 an + SIM Orange Offerte (40 Go)","249,000 TND",En stock
12,[T6-BL],"Double SIM - Ecran 5.34"" - Résolution: 480 x 960 pixels - Processeur Spreadtrum SC9850 Quad Core 1.3 Ghz - RAM 1 Go - Mémoire 8 Go - Android 8.1 Oreo - 2x Appareils Photos 5 MP Arrière, 5 MP Frontale - Wifi - 3G - Bluetooth - Batterie 2500 mAh - Couleur Bleu - Garantie 1 an + SIM Orange Offerte (40 Go)","269,000 TND",En stock
13,[T6-GR],"Double SIM - Ecran 5.34"" - Résolution: 480 x 960 pixels - Processeur Spreadtrum SC9850 Quad Core 1.3 Ghz - RAM 1 Go - Mémoire 8 Go - Android 8.1 Oreo - 2x Appareils Photos 5 MP Arrière, 5 MP Frontale - Wifi - 3G - Bluetooth - Batterie 2500 mAh - Couleur Bleu - Garantie 1 an + SIM Orange Offerte (40 Go)","269,000 TND",En stock
14,[T6-BK],"Double SIM - Ecran 5.34"" - Résolution: 480 x 960 pixels - Processeur Spreadtrum SC9850 Quad Core 1.3 Ghz - RAM 1 Go - Mémoire 8 Go - Android 8.1 Oreo - 2x Appareils Photos 5 MP Arrière, 5 MP Frontale - Wifi - 3G - Bluetooth - Batterie 2500 mAh - Couleur Noir - Garantie 1 an + SIM Orange Offerte (40 Go)","269,000 TND",En stock
15,[REDMI-GO-BK],"Double SIM - Écran 5"" HD - Processeur Qualcomm Snapdragon 425 Quad Core 1.4 Ghz - RAM 1 Go - Mémoire 16 Go - 2x Appareils Photo: 8MP (Arrière), 5MP (Frontale) - 4G - Wifi - Bluetooth - GPS - Batterie 3000 mAh - Garantie 1 an + SIM Orange Offerte (40 Go)","276,000 TND",En stock
16,[REDMI-GO-BL],"Double SIM - Écran 5"" HD - Processeur Qualcomm Snapdragon 425 Quad Core 1.4 Ghz - RAM 1 Go - Mémoire 16 Go - 2x Appareils Photo: 8MP (Arrière), 5MP (Frontale) - 4G - Wifi - Bluetooth - GPS - Batterie 3000 mAh - Garantie 1 an + SIM Orange Offerte (40 Go)","276,000 TND",En stock
17,[EVER-P1-GO],"Double SIM - Ecran 5"" HD IPS - Résolution: 720 x 1280 pixels - Processeur MediaTek MT 6580 Quad Core 1.3 Ghz - RAM 1 Go - Mémoire 16 Go extensible Jusqu'à 32 Go - 2x Appareils Photos: 8MP Arrirère / 5MP Frontale - Android 6.0 Marshmallow - 3G - Wifi - GPS - Bluetooth - Radio IFM - Batterie 5000 mAh - Dimensions: 144.5 x 71.4 x 8.78 mm - Garantie 1 an + SIM Orange Offerte (40 Go)","289,000 TND",En stock
18,[NOKIA1PLUS-BK],"Double SIM - Ecran 5.45"" FWVGA+ IPS - Processeur Mediatek MT6739WW, Quad Core 1.5 GHz - RAM 1 Go - Mémoire 8 Go - Android 9 Pie (édition Go) - 2x Appareils Photo 8 Mégapixels (Arrière), 5 Mégapixels (Avant) - 4G - Wifi - Bluetooth - GPS - Batterie 2500 mAh - Couleur Noir - Garantie 1 an + Carte mémoire 16 Go Gratuite + SIM Orange Offerte (50 Go)","289,000 TND",En stock
19,[NOKIA1PLUS-BLEU],"Double SIM - Ecran 5.45"" FWVGA+ IPS - Processeur Mediatek MT6739WW, Quad Core 1.5 GHz - RAM 1 Go - Mémoire 8 Go - Android 9 Pie (édition Go) - 2x Appareils Photo 8 Mégapixels (Arrière), 5 Mégapixels (Avant) - 4G - Wifi - Bluetooth - GPS - Batterie 2500 mAh - Couleur Bleu - Garantie 1 an + Carte mémoire 16 Go Gratuite + SIM Orange Offerte (50 Go)","289,000 TND",En stock
20,[NOKIA2.1-GS],"Double SIM - Ecran 5.5"" HD - Résolution 1280 x 720 pixels - Processeur Qualcomm Snapdragon 425 Quad-Core 1.4 GHz - RAM 1 Go - Mémoire 8 Go up to 128 Go - Android 8.0 Oreo - 2x Appareils Photo 8 Mégapixels (Arrière), 5 Mégapixels (Avant) - 4G - Wifi - Bluetooth - GPS - Batterie 4000 mAh - Couleur Silver - Garantie 1 an + SIM Orange Offerte (50 Go)","299,000 TND",En stock
21,[ZA410035EG],"Fonction Appel Téléphonique - Ecran 7'' HD (1024 x 600) - Processeur MediaTek MediaTek MT8321A/D Quad Core, 1.3 Ghz - RAM 1 Go - Mémoire 8 Go extensible jusqu'à 64 Go via Micro SD - Android 8.0 Oreo - 2x Caméras 2MP (Arriére), 0.3MP (Frontale) - 3G - Wi-Fi - Batterie 2750mAh - Bluetooth v4.0 - Couleur Noir - Garantie 1 an + SIM Orange Offerte 40 Go","299,000 TND",En stock
22,[EV-V9PLUS-BK],"Double SIM - Ecran 5.5"" IPS HD+ - Résolution: 720 x 144p - Processeur MTK6737H Quad Core 1.25 Ghz - RAM 1 Go - Mémoire 8 Go - Android GO - 2x Appareils Photos 5MP Arrière, 5 MP Frontale - Wifi - 4G - Bluetooth - GPS - FM - Batterie 2800 mAh - Couleur Noir - Garantie 1 an + SIM Orange Offerte (50 Go)","310,000 TND",En stock
23,[EV-V9PLUS-GO],"Double SIM - Ecran 5.5"" IPS HD+ - Résolution: 720 x 144p - Processeur MTK6737H Quad Core 1.25 Ghz - RAM 1 Go - Mémoire 8 Go - Android GO - 2x Appareils Photos 5MP Arrière, 5 MP Frontale - Wifi - 4G - Bluetooth - GPS - FM - Batterie 2800 mAh - Couleur Gold - Garantie 1 an + SIM Orange Offerte (50 Go)","310,000 TND",En stock
24,[ZA410077EG],"Fonction Appel Téléphonique - Ecran 7'' HD (1024 x 600) - Processeur MediaTek MediaTek MT8321A/D Quad Core, 1.3 Ghz - RAM 1 Go - Mémoire 16 Go extensible jusqu'à 64 Go via Micro SD - Android 8.0 Oreo - 2x Caméras 2MP (Arriére), 0.3MP (Frontale) - 3G - Wi-Fi - Batterie 2750mAh - Bluetooth v4.0 - Couleur Noir - Garantie 1 an + SIM Orange Offerte 40 Go+ Coque en Silicone + Film de protection ","319,000 TND",En stock
25,[L-MUST-GR],"Double SIM - Ecran 5.72"" IPS HD+ - Processeur Quad core - RAM 2 Go - Mémoire 16 Go - Android 7.0 Nougat - 2x Appareils Photos: 13 MP (Arrière), 8 MP (Frontale) - Batterie 2800 mAh - Wifi - 4G - Bluetooth - GPS - Garantie 1 an + SIM Orange Offerte (50 Go)","324,000 TND",En stock
26,[SM-A260-DG],"Double SIM - Ecran 5"" QHD - Résolution: 540 x 960 - Processeur Exynos 7870 Octa-core 1.6 GHz - RAM 1 Go - Mémoire 16 o Extensible Jusqu'à 256 Go Via Micro SD - Android 8.0 Oreo - 2x Appareils Photos 5 MP Arriére, 5 MP Avant - Wifi - 4G - Bluetooth - GPS - Garantie 1 an + SIM Orange Offerte (50 Go)","349,000 TND",En stock
27,[SM-A260-BL],"Double SIM - Ecran 5"" QHD - Résolution: 540 x 960 - Processeur Exynos 7870 Octa-core 1.6 GHz - RAM 1 Go - Mémoire 16 o Extensible Jusqu'à 256 Go Via Micro SD - Android 8.0 Oreo - 2x Appareils Photos 5 MP Arriére, 5 MP Avant - Wifi - 4G - Bluetooth - GPS - Garantie 1 an + SIM Orange Offerte (50 Go)","349,000 TND",En stock
28,[SM-A260-RD],"Double SIM - Ecran 5"" QHD - Résolution: 540 x 960 - Processeur Exynos 7870 Octa-core 1.6 GHz - RAM 1 Go - Mémoire 16 o Extensible Jusqu'à 256 Go Via Micro SD - Android 8.0 Oreo - 2x Appareils Photos 5 MP Arriére, 5 MP Avant - Wifi - 4G - Bluetooth - GPS - Garantie 1 an + SIM Orange Offerte (50 Go)","349,000 TND",En stock
29,[SM-J260FD-PU],"Double SIM - Ecran 5"" QHD - Résolution: 540 x 960 - Processeur Exynos 7570 Quad Core 1.4GHz - RAM 1Go - Mémoire 8Go Extensible Jusqu'à 256Go Via Micro SD - Android 8.1 Oreo - 2x Appareils Photos 8 MP Arriére, 5 MP Avant - Wifi - 4G - Bluetooth - Garantie 1 an + SIM Orange Offerte (50 Go)","349,000 TND",En stock
30,[NOKIA2.2-ST],"Double SIM - Ecran 5.71"" HD+ - Résolution 1520 x 720 pixels - Processeur MediaTek Helio A22 Quad-Core 2.0 GHz Cortex-A53 - RAM 2 Go - Mémoire 16 Go up to 400 Go - Android 9.0 Pie - 2x Appareils Photo 13 Mégapixels (Arrière), 5 Mégapixels (Avant) - 4G - Wifi - Bluetooth - GPS - Batterie 3000 mAh - Couleur Silver - Garantie 1 an + SIM Orange Offerte (50 Go)","359,000 TND",En stock
31,[OPPO-A1K-RD],"Double SIM - Ecran 6.1"" HD+ - Processeur MTK MT6762R - Android 9.0 Pie - RAM 2 Go - Mémoire 32 Go extensible - Appareil Photo 8 MP (Arrière) / 5 MP (Avant) - 4G - Wifi - Bluetooth - Batterie 4000 mAh - Garantie 1 an + SIM Orange Offerte (60 Go)
* Ce Produit est disponible exclusivement dans notre magasin.","369,000 TND",En stock
32,[OPPO-A1K-BK],"Double SIM - Ecran 6.1"" HD+ - Processeur MTK MT6762R - Android 9.0 Pie - RAM 2 Go - Mémoire 32 Go extensible - Appareil Photo 8 MP (Arrière) / 5 MP (Avant) - 4G - Wifi - Bluetooth - Batterie 4000 mAh - Garantie 1 an + SIM Orange Offerte (60 Go)
* Ce Produit est disponible exclusivement dans notre magasin.","369,000 TND",En stock
33,[Y52019-BL],"Double SIM - Ecran 5.7"" HD+ - Processeur Mediatek MT6761 Helio A22, Quad-core 2.0 GHz Cortex-A53 - Android 9.0 Pie - RAM 2 Go - Mémoire 32 Go - Caméra frontale 5 MP - Caméra arrière 13 MP - Wifi - 4G - GPS - Bluetooth - Batterie 3020 mAh - Garantie 1 an + SIM Orange Offerte (50 Go)","375,000 TND",En stock
34,[Y52019-BR],"Double SIM - Ecran 5.7"" HD+ - Processeur Mediatek MT6761 Helio A22, Quad-core 2.0 GHz Cortex-A53 - Android 9.0 Pie - RAM 2 Go - Mémoire 32 Go - Caméra frontale 5 MP - Caméra arrière 13 MP - Wifi - 4G - GPS - Bluetooth - Batterie 3020 mAh - Garantie 1 an + SIM Orange Offerte (50 Go)","375,000 TND",En stock
35,[Y52019-BK],"Double SIM - Ecran 5.7"" HD+ - Processeur Mediatek MT6761 Helio A22, Quad-core 2.0 GHz Cortex-A53 - Android 9.0 Pie - RAM 2 Go - Mémoire 32 Go - Caméra frontale 5 MP - Caméra arrière 13 MP - Wifi - 4G - GPS - Bluetooth - Batterie 3020 mAh - Garantie 1 an + SIM Orange Offerte (50 Go)","375,000 TND",En stock
36,[REDMI-7A-BK],"Double SIM - Écran 5.45"" HD+ - Processeur Processeur Qualcomm Snapdragon 439 OOcta-core (2x2.0 GHz Cortex-A53 & 6x1.45 GHz Cortex A53) - RAM 2 Go - Mémoire 32 Go, Micro SD Jusqu'à 256 Go - Android 9.0 Pie - 2x Appareils Photo: Caméra IA 12 MP (Arrière), 5 MP (Frontale) - 4G - Wifi - Bluetooth - GPS - Batterie 4000 mAh - Garantie 1 an + SIM Orange Offerte (50 Go)","376,000 TND",En stock
37,[REDMI-7A-BL],"Double SIM - Écran 5.45"" HD+ - Processeur Processeur Qualcomm Snapdragon 439 OOcta-core (2x2.0 GHz Cortex-A53 & 6x1.45 GHz Cortex A53) - RAM 2 Go - Mémoire 32 Go, Micro SD Jusqu'à 256 Go - Android 9.0 Pie - 2x Appareils Photo: Caméra IA 12 MP (Arrière), 5 MP (Frontale) - 4G - Wifi - Bluetooth - GPS - Batterie 4000 mAh - Garantie 1 an + SIM Orange Offerte (50 Go)","376,000 TND",En stock
38,[REDMI-7A-RD],"Double SIM - Écran 5.45"" HD+ - Processeur Processeur Qualcomm Snapdragon 439 OOcta-core (2x2.0 GHz Cortex-A53 & 6x1.45 GHz Cortex A53) - RAM 2 Go - Mémoire 32 Go, Micro SD Jusqu'à 256 Go - Android 9.0 Pie - 2x Appareils Photo: Caméra IA 12 MP (Arrière), 5 MP (Frontale) - 4G - Wifi - Bluetooth - GPS - Batterie 4000 mAh - Garantie 1 an + SIM Orange Offerte (50 Go)","376,000 TND",En stock
39,[POP2SPRO-GO],"Double SIM - Ecran 5.5"" - Résolution: 960 x 480 - Processeur MediaTek MT6761 Quad-core 2.0 GHz - RAM 2 Go - Mémoire 32 Go - Android 8.1 Oreo - 2x Appareils Photos Arrière 13 MP, Caméra Avant 8 MP avec Flash - Lecteur d'empreinte digitale - Reconnaissance faciale - Batterie 3050 mAh - Wifi - 4G - Bluetooth - GPRS - Garantie 1 an + SIM Orange Offerte 50 Go","379,000 TND",En stock
40,[M9PRO-BK],"Double SIM - Ecran 5.72"" IPS HD - Processeur Quad-Core SoC 1.3 GHz - RAM 2 Go - Stockage 16 Go - 3x Appareils Photos: 2x Arrière 13 MP + 2 MP /  Frontale 5 MP - Batterie LG 3000mAh - 4G - Wifi - Bluetooth - Android 8.1 Oreo - Garantie 1 an + SIM Orange Offerte (50 Go)","399,000 TND",En stock
41,[M9PRO-BL],"Double SIM - Ecran 5.72"" IPS HD - Processeur Quad-Core SoC 1.3 GHz - RAM 2 Go - Stockage 16 Go - 3x Appareils Photos: 2x Arrière 13 MP + 2 MP /  Frontale 5 MP - Batterie LG 3000mAh - 4G - Wifi - Bluetooth - Android 8.1 Oreo - Garantie 1 an + SIM Orange Offerte (50 Go)","399,000 TND",En stock
42,[HONOR-8A-BK],"Ecran 6.09"" LED HD+ - Processeur MTK MT6765 Octa-Core (4x2.3 GHz + 4x1.8 GHz) - RAM 2 Go - Mémoire 32 Go - Android 9.0 Pie + EMUI 9.0 - 2x Appareils Photos 13 MP (Arrière) / 8 MP (Frontale) - 4G - Wifi - Bluetooth - Batterie 3020 mAh - Garantie 1 an + SIM Orange Offerte 50 Go + Carte mémoire 16 Go Offerte (TUSDH16GCL1002)","419,000 TND",En stock
43,[HONOR-8A-BL],"Ecran 6.09"" LED HD+ - Processeur MTK MT6765 Octa-Core (4x2.3 GHz + 4x1.8 GHz) - RAM 2 Go - Mémoire 32 Go - Android 9.0 Pie + EMUI 9.0 - 2x Appareils Photos 13 MP (Arrière) / 8 MP (Frontale) - 4G - Wifi - Bluetooth - Batterie 3020 mAh - Garantie 1 an + SIM Orange Offerte 50 Go + Carte mémoire 16 Go Offerte (TUSDH16GCL1002)","419,000 TND",En stock
44,[HONOR-8A-RD],"Ecran 6.09"" LED HD+ - Processeur MTK MT6765 Octa-Core (4x2.3 GHz + 4x1.8 GHz) - RAM 2 Go - Mémoire 32 Go - Android 9.0 Pie + EMUI 9.0 - 2x Appareils Photos 13 MP (Arrière) / 8 MP (Frontale) - 4G - Wifi - Bluetooth - Batterie 3020 mAh - Garantie 1 an + SIM Orange Offerte 50 Go + Carte mémoire 16 Go Offerte (TUSDH16GCL1002)","419,000 TND",En stock
45,[Y6-2019-BK],"Double SIM - Ecran 6.09"" HD+ - Processeur MTK MT6761 Quad-Core 1.6 GHz Cortex-A53 - Android 9 Pie - RAM 2 Go - Mémoire 32 Go - Caméra frontale: 8 MP - Caméra arrière: 13 MP - Wifi-Direct - 4G - Bluetooth - Lecteur d'empreinte digitale - Batterie 3020 mAh - Garantie 1 an + SIM Orange Offerte (50 Go)","449,000 TND",En stock
46,[Y6-2019-BL],"Double SIM - Ecran 6.09"" HD+ - Processeur MTK MT6761 Quad-Core 1.6 GHz Cortex-A53 - Android 9 Pie - RAM 2 Go - Mémoire 32 Go - Caméra frontale: 8 MP - Caméra arrière: 13 MP - Wifi-Direct - 4G - Bluetooth - Lecteur d'empreinte digitale - Batterie 3020 mAh - Garantie 1 an + SIM Orange Offerte (50 Go)","449,000 TND",En stock
47,[NOKIA5-BK],"Double SIM - Ecran 5.2"" HD IPS - Processeur Qualcomm Snapdragon 430 Octa-core - RAM 2 Go - Mémoire 16 Go up to 128 Go - Android 7.0 Nougat - 2x Appareils Photo 13 Mégapixels (Arrière), 8 Mégapixels (Avant) - 4G - Wifi - Bluetooth - NFC - Accéléromètre - Batterie 3000 mAh - Garantie 1 an + SIM Orange Offerte (50 Go)","489,000 TND",En stock
48,[SM-A107F/DS-RD],"Double SIM - Ecran 6.2"" HD+ Infinity-V - Processeur MT6762 Octa Core - RAM 2 Go - Mémoire 32 Go - Android 9.0 Pie - Caméra arrière 13 MP (F1.8) + 2 MP, Caméra frontale 8 MP - Reconnaissance Faciale - Lecteur d'empreintes Digitales - 4G - Bluetooth 5.0 - GPS - Wifi - Batterie 4000 mAh - Garantie 1 an + SIM Orange Offerte (50 Go)","489,000 TND",En stock
49,[SM-A107F/DS-BL],"Double SIM - Ecran 6.2"" HD+ Infinity-V - Processeur MT6762 Octa Core - RAM 2 Go - Mémoire 32 Go - Android 9.0 Pie - Caméra arrière 13 MP (F1.8) + 2 MP, Caméra frontale 8 MP - Reconnaissance Faciale - Lecteur d'empreintes Digitales - 4G - Bluetooth 5.0 - GPS - Wifi - Batterie 4000 mAh - Garantie 1 an + SIM Orange Offerte (50 Go)","489,000 TND",En stock
50,[SM-A107F/DS-BK],"Double SIM - Ecran 6.2"" HD+ Infinity-V - Processeur MT6762 Octa Core - RAM 2 Go - Mémoire 32 Go - Android 9.0 Pie - Caméra arrière 13 MP (F1.8) + 2 MP, Caméra frontale 8 MP - Reconnaissance Faciale - Lecteur d'empreintes Digitales - 4G - Bluetooth 5.0 - GPS - Wifi - Batterie 4000 mAh - Garantie 1 an + SIM Orange Offerte (50 Go)","489,000 TND",En stock
51,[PGN-507-WH],"Double SIM - Ecran 4.8"" HD - Processeur Octa Core 1.7Ghz - RAM 1 Go - Mémoire 16 Go extensible jusqu'à 32 Go via MicroSD - Android 4.4.2 KitKat - 2x Appareils Photos 8 MP Arrière avec flash, 2 MP Frontale - Wifi - 3G - Bluetooth - GPS - Batterie 2050 Mah- Garantie 1 an  + SIM Orange Offerte (50 Go)","499,000 TND",En stock
52,[OPPO-A5S3G32-BK],"Double SIM - Ecran 6.2"" HD+ - Processeur MTK MT6765 - Android 8.1 - RAM 3 Go - Mémoire 32 Go extensible à 256 Go - Appareil Photo 13 MP + 2 MP (Arrière) / 8 MP (Avant) - 4G - Wifi - Bluetooth - Batterie 4230 mAh - Garantie 1 an + SIM Orange Offerte (60 Go)
* Ce Produit est disponible exclusivement dans notre magasin.","499,000 TND",En stock
53,[OPPO-A5S3G32-RD],"Double SIM - Ecran 6.2"" HD+ - Processeur MTK MT6765 - Android 8.1 - RAM 3 Go - Mémoire 32 Go extensible à 256 Go - Appareil Photo 13 MP + 2 MP (Arrière) / 8 MP (Avant) - 4G - Wifi - Bluetooth - Batterie 4230 mAh - Garantie 1 an + SIM Orange Offerte (60 Go)
* Ce Produit est disponible exclusivement dans notre magasin.","499,000 TND",En stock
54,[CAMON11-BK],"Double SIM - Ecran 6.2"" HD+ - Résolution: 1500 x 720px - Processeur Mediatek MT6761 Quad-core 1.5 GHz - RAM 2 Go - Mémoire 16 Go - Android 8.1 Oreo - 2x Appareils Photos 13 MP + 2 MP Arrière, 16 MP Avant avec Flash - Batterie 3750 mAh - Wifi - 4G - Bluetooth - GPS - Garantie 1 an + SIM Orange Offerte 50 Go","539,000 TND",En stock
55,[CAMON11-RD],"Double SIM - Ecran 6.2"" HD+ - Résolution: 1500 x 720px - Processeur Mediatek MT6761 Quad-core 1.5 GHz - RAM 2 Go - Mémoire 16 Go - Android 8.1 Oreo - 2x Appareils Photos 13 MP + 2 MP Arrière, 16 MP Avant avec Flash - Batterie 3750 mAh - Wifi - 4G - Bluetooth - GPS - Garantie 1 an + SIM Orange Offerte 50 Go","539,000 TND",En stock
56,[REDMI7-BL],"Double SIM - Écran 6.26"" HD+ - Processeur Qualcomm Snapdragon 632 Octa-core 1.8 GHz - RAM 3 Go - Mémoire 32 Go, Micro SD Jusqu'à 512 Go - Android 9.0 Pie - 2x Appareils Photo: 12MP + 2MP (Arrière), 8MP (Frontale) - 4G - Wifi - Bluetooth - GPS - Batterie 4000 mAh - Capteur d'empreintes digitales - Garantie 1 an + SIM Orange Offerte (50 Go)","559,000 TND",En stock
57,[REDMI7-BK],"Double SIM - Écran 6.26"" HD+ - Processeur Qualcomm Snapdragon 632 Octa-core 1.8 GHz - RAM 3 Go - Mémoire 32 Go, Micro SD Jusqu'à 512 Go - Android 9.0 Pie - 2x Appareils Photo: 12MP + 2MP (Arrière), 8MP (Frontale) - 4G - Wifi - Bluetooth - GPS - Batterie 4000 mAh - Capteur d'empreintes digitales - Garantie 1 an + SIM Orange Offerte (50 Go)","559,000 TND",En stock
58,[NOKIA3.2-364-BK],"Double SIM - Ecran 6.26"" HD+ - Processeur Qualcomm Snapdragon 429 Quad-core 1.8 GHz - RAM 3 Go - Mémoire 64 Go up to 128 Go - Android 9.0 Pie - 2x Appareils Photo 13 MP (Arrière), 5 MP (Avant) - 4G - Wifi - Bluetooth - GPS - Batterie 4000 mAh - Couleur Noir - Garantie 1 an + SIM Orange Offerte 50 Go","569,000 TND",En stock
59,[NOKIA3.2-364-ST],"Double SIM - Ecran 6.26"" HD+ - Processeur Qualcomm Snapdragon 429 Quad-core 1.8 GHz - RAM 3 Go - Mémoire 64 Go up to 128 Go - Android 9.0 Pie - 2x Appareils Photo 13 MP (Arrière), 5 MP (Avant) - 4G - Wifi - Bluetooth - GPS - Batterie 4000 mAh - Couleur Silver - Garantie 1 an + SIM Orange Offerte 50 Go","569,000 TND",En stock
60,[TA-1021DS-SL],"Double SIM - Ecran 5.5"" Full HD IPS Verre Corning Gorilla - Processeur Qualcomm Snapdragon 430 Octa-core - RAM 3 Go - Mémoire 32 Go - Carte MicroSD jusqu'à 128 Go - Android 7.0 Nougat - 2x Appareils Photo 16 Mégapixels autofocus (Arrière), 8 Mégapixels (Avant) - 4G - Détecteur d’empreintes digitales - Garantie 1 an + SIM Orange Offerte (60 Go)","589,000 TND",En stock
61,[TA-1021DS-CR],"Double SIM - Ecran 5.5"" Full HD IPS - Processeur Qualcomm Snapdragon 430 Octa-core - RAM 3 Go - Mémoire 32 Go - Carte MicroSD jusqu'à 128 Go - Android 7.0 Nougat - 2x Appareils Photo 16 Mégapixels autofocus (Arrière), 8 Mégapixels (Avant) - 4G - Détecteur d’empreintes digitales - Couleur Cuivre - Garantie 1 an + SIM Orange Offerte (60 Go)","589,000 TND",En stock
62,[Y7-PRIME-2019-BK],"Double SIM - Ecran 6.26"" HD+ - Processeur Qualcomm SDM450 Snapdragon 450 Octa-core 1.8 GHz Cortex-A53 - Android 8.1 Oreo; EMUI 8.2 - RAM 3 Go - Mémoire 32 Go up to 512 Go - Caméra frontale: 16 MP - Caméra arrière: 13 MP + 2 MP - Wifi - 4G - Bluetooth - Reconnaissance faciale - Batterie 4000 mAh - Garantie 1 an + SIM Orange Offerte (50 Go)","599,000 TND",En stock
63,[Y7-PRIME-2019-RD],"Double SIM - Ecran 6.26"" HD+ - Processeur Qualcomm SDM450 Snapdragon 450 Octa-core 1.8 GHz Cortex-A53 - Android 8.1 Oreo; EMUI 8.2 - RAM 3 Go - Mémoire 32 Go up to 512 Go - Caméra frontale: 16 MP - Caméra arrière: 13 MP + 2 MP - Wifi - 4G - Bluetooth - Reconnaissance faciale - Batterie 4000 mAh - Garantie 1 an + SIM Orange Offerte (50 Go)","599,000 TND",En stock
64,[HONOR10LITE-BL],"Ecran 6.21"" LED Full HD+ - Processeur Kirin 710 Octa Core, 2.2 Ghz - RAM 3 Go - Mémoire 64 Go - Android 9.0 Pie + EMUI 9.1 - 2x Appareils Photos (Arrière) 13 MP + 2 MP / 1x Appareil Photo (Frontale) 24MP - 4G - Wifi - Bluetooth - NFC - Lecteur d'empreintes digitales - Batterie 3400 MaH - Garantie 1 an","679,000 TND",En stock
65,[HONOR10LITE-BK],"Ecran 6.21"" LED Full HD+ - Processeur Kirin 710 Octa Core, 2.2 Ghz - RAM 3 Go - Mémoire 64 Go - Android 9.0 Pie + EMUI 9.1 - 2x Appareils Photos (Arrière) 13 MP + 2 MP / 1x Appareil Photo (Frontale) 24MP - 4G - Wifi - Bluetooth - NFC - Lecteur d'empreintes digitales - Batterie 3400 MaH - Garantie 1 an","679,000 TND",En stock
66,[SM-A205F/RD],"Double SIM - Ecran Infinity 6.4"" HD+ sAMOLED - Processeur Exynos 7884 Octa-core, 2x1.6 GHz & 6x1.35 GHz - RAM 3 Go - Mémoire 32 Go - Android 9.0 Pie - Caméra: 13 MP + 5 MP (Arrière) / 8 MP (Frontale) - Lecteur d'empreinte digitale - 4G - Bluetooth 5.0 - GPS - Wifi - Batterie 4000 mAh - Garantie 1 an + SIM Orange Offerte (60 Go)","689,000 TND",En stock
67,[OPPO-A5-BK],"Double SIM - Ecran 6.5"" - Processeur Qualcomm SDM665 Snapdragon 665 Octa-core (4x2.0 GHz Kryo 260 Gold & 4x1.8 GHz Kryo 260 Silver) - Android 9.0 - RAM 4Go - Mémoire 128Go - Appareil Photo 12MP + 8MP + 2MP +2MP (Arrière) / 8MP (Avant) - 4G - Wifi - Bluetooth - Batterie 5000mAh - Garantie 1 an + SIM Orange 60Go + Abonnement IPTV 1 an
* Ce Produit est disponible exclusivement dans notre magasin.","699,000 TND",En stock
68,[OPPO-A5-WH],"Double SIM - Ecran 6.5"" - Processeur Qualcomm SDM665 Snapdragon 665 Octa-core (4x2.0 GHz Kryo 260 Gold & 4x1.8 GHz Kryo 260 Silver) - Android 9.0 - RAM 4Go - Mémoire 128Go - Appareil Photo 12MP + 8MP + 2MP +2MP (Arrière) / 8MP (Avant) - 4G - Wifi - Bluetooth - Batterie 5000mAh - Garantie 1 an + SIM Orange 60Go + Abonnement IPTV 1 an
* Ce Produit est disponible exclusivement dans notre magasin.","699,000 TND",En stock
69,[MINOTE7-332-BK],"Double SIM - Écran 6.3"" FHD+ - Processeur Qualcomm Snapdragon 660 Octo-Core (4x2.2 GHz Kryo 260 & 4x1.8 GHz Kryo 260) - RAM 3 Go - Mémoire 32 Go, Micro SD Jusqu'à 256 Go - Android 9.0 Pie - 2x Appareils Photo: 48MP + 5MP (Arrière), 13MP (Frontale) - 4G - Wifi - Bluetooth - GPS - Batterie 4000 mAh - Capteur d'empreintes digitales - Garantie 1 an + SIM Orange Offerte (60 Go)","699,000 TND",En stock
70,[MINOTE7-332-BL],"Double SIM - Écran 6.3"" FHD+ - Processeur Qualcomm Snapdragon 660 Octo-Core (4x2.2 GHz Kryo 260 & 4x1.8 GHz Kryo 260) - RAM 3 Go - Mémoire 32 Go, Micro SD Jusqu'à 256 Go - Android 9.0 Pie - 2x Appareils Photo: 48MP + 5MP (Arrière), 13MP (Frontale) - 4G - Wifi - Bluetooth - GPS - Batterie 4000 mAh - Capteur d'empreintes digitales - Garantie 1 an + SIM Orange Offerte (60 Go)","699,000 TND",En stock
71,[HONOR8X-BL],"Ecran 6.53"" LED Full HD+ - Processeur Kirin 710 Octa Core, 2.2 Ghz - RAM 4 Go - Mémoire 128 Go - Android 8.1 Oreo + EMUI 9.0 - 2x Appareils Photos (Arrière) 20 MP + 2 MP / 1x Appareil Photo (Frontale) 16MP - 4G - Wifi - Bluetooth - NFC - Lecteur d'empreintes digitales - Batterie 3750 MaH - Garantie 1 an","829,000 TND",En stock
72,[HONOR8X-RD],"Ecran 6.53"" LED Full HD+ - Processeur Kirin 710 Octa Core, 2.2 Ghz - RAM 4 Go - Mémoire 128 Go - Android 8.1 Oreo + EMUI 9.0 - 2x Appareils Photos (Arrière) 20 MP + 2 MP / 1x Appareil Photo (Frontale) 16MP - 4G - Wifi - Bluetooth - NFC - Lecteur d'empreintes digitales - Batterie 3750 MaH - Garantie 1 an","829,000 TND",En stock
73,[Y9-PRIME-2019-BK],"Double SIM - Ecran 6.59"" Full HD+ LTPS - Résolution: 2340 x 1080 - Processeur Hisilicon Kirin 710F Octa-core (4x2.2 GHz Cortex-A73 & 4x1.7 GHz Cortex-A53) - Android 9.0 Pie - RAM 4 Go - Mémoire 128 Go - Caméra frontale: 16MP - Caméra arrière: 16MP + 8MP + 2MP - Wifi - 4G - GPS - Bluetooth - Lecteur d'empreinte digitale - Batterie 4000 mAh - Garantie 1 an + SIM Orange Offerte (60 Go)","849,000 TND",En stock
74,[Y9-PRIME-2019-GR],"Double SIM - Ecran 6.59"" Full HD+ LTPS - Résolution: 2340 x 1080 - Processeur Hisilicon Kirin 710F Octa-core (4x2.2 GHz Cortex-A73 & 4x1.7 GHz Cortex-A53) - Android 9.0 Pie - RAM 4 Go - Mémoire 128 Go - Caméra frontale: 16MP - Caméra arrière: 16MP + 8MP + 2MP - Wifi - 4G - GPS - Bluetooth - Lecteur d'empreinte digitale - Batterie 4000 mAh - Garantie 1 an + SIM Orange Offerte (60 Go)","849,000 TND",En stock
75,[Y9-PRIME-2019-BL],"Double SIM - Ecran 6.59"" Full HD+ LTPS - Résolution: 2340 x 1080 - Processeur Hisilicon Kirin 710F Octa-core (4x2.2 GHz Cortex-A73 & 4x1.7 GHz Cortex-A53) - Android 9.0 Pie - RAM 4 Go - Mémoire 128 Go - Caméra frontale: 16MP - Caméra arrière: 16MP + 8MP + 2MP - Wifi - 4G - GPS - Bluetooth - Lecteur d'empreinte digitale - Batterie 4000 mAh - Garantie 1 an + SIM Orange Offerte (60 Go)","849,000 TND",En stock
76,[TA-1043-BK],"Double SIM - Ecran 5.5"" Full HD IPS - Processeur Qualcomm Snapdragon 630 Octa-core 2.2 Ghz - RAM 3 Go - Mémoire 32 Go - Mémoire jusqu'à 128 Go - Android Oreo - 2x Appareils Photo 16 Mégapixels autofocus (Arrière), 8 Mégapixels (Avant) - 4G - Bluetooth - Détecteur d’empreintes digitales - Couleur Noir - Garantie 1 an + SIM Orange Offerte (60 Go)","849,000 TND",En stock
77,[OPPO-F11-WH],"Double Sim - Ecran 6.5"" LCD LTPS IPS - Processeur Mediatek Helio P7, Octa-core (4x2.1GHz Cortex-A73 & 4x2GHz Cortex-A53) - Android 9.0 - RAM 6Go - Mémoire 64Go jusqu'à 256 - Appareil Photo Dual 48 MP + 5 MP / Frontale 16 MP - Wifi - Bluetooth - Batterie Li-Po 4020 mAh - Garantie 1 an + SIM Orange 60 Go + Abonnement IPTV 1 an Offert
* Ce Produit est disponible exclusivement dans notre magasin.","899,000 TND",En stock
78,[SM-A307F-BK],"Double SIM - Ecran 6.4"" HD+ Super AMOLED - Processeur Exynos 7904 Octa-core (2x1.8 GHz Cortex-A73 & 6x1.6 GHz Cortex-A53) - RAM 4 Go - Mémoire 64 Go - Android 9.0 Pie - Triple caméra arrière 25.0 MP + 5.0 MP + 8.0 MP / Caméra frontale 16 MP - Lecteur d'empreinte digitale - 4G - Bluetooth 5.0 - GPS - Wifi - Wifi Direct - NFC - Batterie 4000 mAh - Garantie 1 an + SIM Orange 60 Go","899,000 TND",En stock
79,[SM-A307F-WH],"Double SIM - Ecran 6.4"" HD+ Super AMOLED - Processeur Exynos 7904 Octa-core (2x1.8 GHz Cortex-A73 & 6x1.6 GHz Cortex-A53) - RAM 4 Go - Mémoire 64 Go - Android 9.0 Pie - Triple caméra arrière 25.0 MP + 5.0 MP + 8.0 MP / Caméra frontale 16 MP - Lecteur d'empreinte digitale - 4G - Bluetooth 5.0 - GPS - Wifi - Wifi Direct - NFC - Batterie 4000 mAh - Garantie 1 an + SIM Orange 60 Go","899,000 TND",En stock
80,[SM-A307F-GR],"Double SIM - Ecran 6.4"" HD+ Super AMOLED - Processeur Exynos 7904 Octa-core (2x1.8 GHz Cortex-A73 & 6x1.6 GHz Cortex-A53) - RAM 4 Go - Mémoire 64 Go - Android 9.0 Pie - Triple caméra arrière 25.0 MP + 5.0 MP + 8.0 MP / Caméra frontale 16 MP - Lecteur d'empreinte digitale - 4G - Bluetooth 5.0 - GPS - Wifi - Wifi Direct - NFC - Batterie 4000 mAh - Garantie 1 an + SIM Orange 60 Go","899,000 TND",En stock
81,[P30-LITE-BK],"Double SIM - Ecran 6.15"" Full HD+ - Résolution: 2312 x 1080p - Processeur Kirin 710 Octa-core, 4 x Cortex-A73 2.2 GHz + 4 x Cortex-A53 1.7 GHz - Android 9.0 - RAM 4 Go - Mémoire 128 Go - Triple caméra arrière: 24 MP + 8 MP + 2 MP - Caméra avant: 32 MP - Wifi - 4G - GPS - Bluetooth - NFC - Lecteur d'empreinte digitale - Batterie 3340 mAh - Garantie 1 an + SIM Orange 60 Go","945,000 TND",En stock
82,[P30-LITE-BL],"Double SIM - Ecran 6.15"" Full HD+ - Résolution: 2312 x 1080p - Processeur Kirin 710 Octa-core, 4 x Cortex-A73 2.2 GHz + 4 x Cortex-A53 1.7 GHz - Android 9.0 - RAM 4 Go - Mémoire 128 Go - Triple caméra arrière: 24 MP + 8 MP + 2 MP - Caméra avant: 32 MP - Wifi - 4G - GPS - Bluetooth - NFC - Lecteur d'empreinte digitale - Batterie 3340 mAh - Garantie 1 an + SIM Orange 60 Go","945,000 TND",En stock
83,[P30-LITE-WH],"Double SIM - Ecran 6.15"" Full HD+ - Résolution: 2312 x 1080p - Processeur Kirin 710 Octa-core, 4 x Cortex-A73 2.2 GHz + 4 x Cortex-A53 1.7 GHz - Android 9.0 - RAM 4 Go - Mémoire 128 Go - Triple caméra arrière: 24 MP + 8 MP + 2 MP - Caméra avant: 32 MP - Wifi - 4G - GPS - Bluetooth - NFC - Lecteur d'empreinte digitale - Batterie 3340 mAh - Garantie 1 an + SIM Orange 60 Go","945,000 TND",En stock
84,[OPPO-F11PRO-GR],"Double SIM - Ecran 6.5"" TFT LTPS IPS - Processeur Mediatek Helio P70, Octa-core (4x2.1GHz Cortex-A73 & 4x2GHz Cortex-A53) - Android 9.0 - RAM 6Go - Mémoire 128Go jusqu'à 256 - Appareil Photo Dual 48 MP + 5 MP /Frontale 16 MP - Wifi - Bluetooth - Batterie Li-Po 4000mAh - Garantie 1 an + SIM Orange 60 Go
* Ce Produit est disponible exclusivement dans notre magasin.","1 049,000 TND",En stock
85,[OPPO-F11PRO-BK],"Double SIM - Ecran 6.5"" TFT LTPS IPS - Processeur Mediatek Helio P70, Octa-core (4x2.1GHz Cortex-A73 & 4x2GHz Cortex-A53) - Android 9.0 - RAM 6Go - Mémoire 128Go jusqu'à 256 - Appareil Photo Dual 48 MP + 5 MP /Frontale 16 MP - Wifi - Bluetooth - Batterie Li-Po 4000mAh - Garantie 1 an + SIM Orange 60 Go
* Ce Produit est disponible exclusivement dans notre magasin.","1 049,000 TND",En stock
86,[SM-A505-WH],"Double SIM - Ecran Infinity-U 6.4"" FHD+ sAMOLED - Processeur Exynos 9610 Octo-Core 4x2.3 GHz Cortex-A73 & 4x1.7 GHz Cortex-A53 - RAM 4 Go - Mémoire 128 Go - Android 9.0 Pie - Triple caméra arrière: 25MP + 5MP + 8MP / Caméra frontale: 25MP - Lecteur d'empreinte sur l'écran - 4G - Bluetooth 5.0 - GPS - Wifi - Batterie 4000 mAh - Garantie 1 an + SIM Orange Offerte (60 Go)","1 169,000 TND",En stock
87,[SM-A505-BK],"Double SIM - Ecran Infinity-U 6.4"" FHD+ sAMOLED - Processeur Exynos 9610 Octo-Core 4x2.3 GHz Cortex-A73 & 4x1.7 GHz Cortex-A53 - RAM 4 Go - Mémoire 128 Go - Android 9.0 Pie - Triple caméra arrière: 25MP + 5MP + 8MP / Caméra frontale: 25MP - Lecteur d'empreinte sur l'écran - 4G - Bluetooth 5.0 - GPS - Wifi - Batterie 4000 mAh - Garantie 1 an + SIM Orange Offerte (60 Go)","1 169,000 TND",En stock
88,[SM-A505-BL],"Double SIM - Ecran Infinity-U 6.4"" FHD+ sAMOLED - Processeur Exynos 9610 Octo-Core 4x2.3 GHz Cortex-A73 & 4x1.7 GHz Cortex-A53 - RAM 4 Go - Mémoire 128 Go - Android 9.0 Pie - Triple caméra arrière: 25MP + 5MP + 8MP / Caméra frontale: 25MP - Lecteur d'empreinte sur l'écran - 4G - Bluetooth 5.0 - GPS - Wifi - Batterie 4000 mAh - Garantie 1 an + SIM Orange Offerte (60 Go)","1 169,000 TND",En stock
89,[SM-A705F-BK],"Double SIM - Ecran 6.7"" FHD+ sAMOLED - Processeur Qualcomm SDM675 Snapdragon 675 Octo-Core 2x2.0 GHz Kryo 460 Gold & 6x1.7 GHz Kryo 460 Silver - RAM 6 Go - Mémoire 128 Go - Android 9.0 Pie - Triple caméra arrière: 32MP + 5MP + 8MP / Caméra frontale: 32MP - Capteur d'empreintes digitales - 4G - Bluetooth 5.0 - GPS - Wifi - NFC - Batterie 4500 mAh - Garantie 1 an + SIM Orange Offerte (60 Go)","1 559,000 TND",
90,[SM-A805FD-BK],"Double SIM - Ecran 6.7"" FHD+ sAMOLED - Processeur Qualcomm Snapdragon 7150 Octo-Core, 2.2 GHz - RAM 8 Go - Mémoire 128 Go - Android 9.0 Pie + Surcouche Samsung One UI - Triple capteur rotatif: 48MP, f/2.0, Capteur ultra grand angle 8 MP, f/2.2 - lecteur d'empreinte digitale sous l'écran - 4G - Bluetooth 5.0 - GPS - Wifi - NFC - Batterie 3700 mAh - Garantie 1 an + SIM Orange Offerte (60 Go)","2 499,000 TND",
91,[SM-A805FD-GO],"Double SIM - Ecran 6.7"" FHD+ sAMOLED - Processeur Qualcomm Snapdragon 7150 Octo-Core, 2.2 GHz - RAM 8 Go - Mémoire 128 Go - Android 9.0 Pie + Surcouche Samsung One UI - Triple capteur rotatif: 48MP, f/2.0, Capteur ultra grand angle 8 MP, f/2.2 - lecteur d'empreinte digitale sous l'écran - 4G - Bluetooth 5.0 - GPS - Wifi - NFC - Batterie 3700 mAh - Garantie 1 an + SIM Orange Offerte (60 Go)","2 499,000 TND",
92,[SM-A805FD-GH],"Double SIM - Ecran 6.7"" FHD+ sAMOLED - Processeur Qualcomm Snapdragon 7150 Octo-Core, 2.2 GHz - RAM 8 Go - Mémoire 128 Go - Android 9.0 Pie + Surcouche Samsung One UI - Triple capteur rotatif: 48MP, f/2.0, Capteur ultra grand angle 8 MP, f/2.2 - lecteur d'empreinte digitale sous l'écran - 4G - Bluetooth 5.0 - GPS - Wifi - NFC - Batterie 3700 mAh - Garantie 1 an + SIM Orange Offerte (60 Go)","2 499,000 TND",
93,[OPPO-RENO10X-BK],"Double SIM - Écran 6.6'' Gorilla Glass 6 - 1080 x 2340 px - Processeur Qualcomm Snapdragon SM8150 Octa-core (1x2.84GHz & 3x2.42GHz & 4x1.78GHz Kryo 485) - Android 9.0 - RAM 8Go - Mémoire 256Go - Appareil Photo: Triple Arrière 48MP + 8MP + 13MP / Frontale 16MP F2.0 - Wifi - Bluetooth - NFC - Batterie 4065mAh - Garantie 1 an
* Ce Produit est disponible exclusivement dans notre magasin.","2 599,000 TND",
94,[OPPO-RENO10X-GR],"Double SIM - Écran 6.6'' Gorilla Glass 6 - 1080 x 2340 px - Processeur Qualcomm Snapdragon SM8150 Octa-core (1x2.84GHz & 3x2.42GHz & 4x1.78GHz Kryo 485) - Android 9.0 - RAM 8Go - Mémoire 256Go - Appareil Photo: Triple Arrière 48MP + 8MP + 13MP / Frontale 16MP F2.0 - Wifi - Bluetooth - NFC - Batterie 4065mAh - Garantie 1 an
* Ce Produit est disponible exclusivement dans notre magasin.","2 599,000 TND",
95,[SM-G970F-WH],"Double SIM - Ecran Infinity 5.8"" FHD+ (1080 x 2280 px) Gorilla Glass 6 - Processeur Exynos 9820 Octo-Core, 2.8 Ghz - RAM 6 Go - Mémoire 128 Go - Android 9.0 Pie / Samsung One UI - Appareils Photos: 2x Capteurs: 12+16 MP (Arrière) / 10 MP (Frontale) - Lecteur d'empreinte ultrasonique - Reconnaissance faciale - 4G - NFC - Bluetooth 5.0 - GPS - Wifi - Batterie 3100 mAh - Garantie 1 an","2 899,000 TND",
96,[SM-G970F-BK],"Double SIM - Ecran Infinity 5.8"" FHD+ (1080 x 2280 px) Gorilla Glass 6 - Processeur Exynos 9820 Octo-Core, 2.8 Ghz - RAM 6 Go - Mémoire 128 Go - Android 9.0 Pie / Samsung One UI - Appareils Photos: 2x Capteurs: 12+16 MP (Arrière) / 10 MP (Frontale) - Lecteur d'empreinte ultrasonique - Reconnaissance faciale - 4G - NFC - Bluetooth 5.0 - GPS - Wifi - Batterie 3100 mAh - Garantie 1 an","2 899,000 TND",
97,[SM-970BL],"Double SIM - Ecran Infinity 5.8"" FHD+ (1080 x 2280 px) Gorilla Glass 6 - Processeur Exynos 9820 Octo-Core, 2.8 Ghz - RAM 6 Go - Mémoire 128 Go - Android 9.0 Pie / Samsung One UI - Appareils Photos: 2x Capteurs: 12+16 MP (Arrière) / 10 MP (Frontale) - Lecteur d'empreinte ultrasonique - Reconnaissance faciale - 4G - NFC - Bluetooth 5.0 - GPS - Wifi - Batterie 3100 mAh - Garantie 1 an","2 899,000 TND",
98,[IPH-8-GO],"Ecran 4.7'' - Processeur Hexa-core (2x Monsoon + 4x Mistral) - Ram 2 Go - Mémoire de stockage 64 Go - 2 x Appreil Photo 12 MP (arriére) , 7 MP ( Frontale ) - Lecteur d'empreinte digitale - Fast Charging & Qi Wireless Charging - IOS 11 - Batterie : 1821 Mah - 4G - GPS- Couleur Gold - Garantie 1 an + SIM Orange Offerte (60 Go)","3 149,000 TND",
99,[SM-G973-BL],"Double SIM - Ecran Infinity 6.1"" QHD+ (1440 x 3040 px) Gorilla Glass 6 - Processeur Exynos 9820 Octo-Core, 2.8 Ghz - RAM 8 Go - Mémoire 128 Go - Android 9.0 Pie - Batterie 3400 mAh - Appareils Photos: 3x Capteurs: 12+12+16 MP (Arrière) / 10 MP (Frontale) - Lecteur d'empreinte ultrasonique - Reconnaissance faciale - 4G - NFC - Bluetooth 5.0 - GPS - Wifi - Batterie 3400 mAh - Garantie 1 an","3 499,000 TND",
100,[SM-973F-WH],"Double SIM - Ecran Infinity 6.1"" QHD+ (1440 x 3040 px) Gorilla Glass 6 - Processeur Exynos 9820 Octo-Core, 2.8 Ghz - RAM 8 Go - Mémoire 128 Go - Android 9.0 Pie - Batterie 3400 mAh - Appareils Photos: 3x Capteurs: 12+12+16 MP (Arrière) / 10 MP (Frontale) - Lecteur d'empreinte ultrasonique - Reconnaissance faciale - 4G - NFC - Bluetooth 5.0 - GPS - Wifi - Batterie 3400 mAh - Garantie 1 an","3 499,000 TND",
101,[SM-G973F-BK],"Double SIM - Ecran Infinity 6.1"" QHD+ (1440 x 3040 px) Gorilla Glass 6 - Processeur Exynos 9820 Octo-Core, 2.8 Ghz - RAM 8 Go - Mémoire 128 Go - Android 9.0 Pie - Batterie 3400 mAh - Appareils Photos: 3x Capteurs: 12+12+16 MP (Arrière) / 10 MP (Frontale) - Lecteur d'empreinte ultrasonique - Reconnaissance faciale - 4G - NFC - Bluetooth 5.0 - GPS - Wifi - Batterie 3400 mAh - Garantie 1 an","3 499,000 TND",
102,[SM-N970F/DS-BK],"Ecran Infinity 6.3’’ Dynamic AMOLED - Résolution Full HD+ 1080 x 2280 pixels - Processeur Exynos 9825 Octo-Core 2.7GHz - Android 9.0 Pie - RAM 8 Go - Mémoire 256 Go - APN: Triple capteur 12MP Dual Pixel + Ultra Grand Angle 16MP + Téléobjectif 12MP, caméra frontale 10MP Dual Pixel - WiFi - Bluetooth - NFC - Capteur d'empreintes - S Pen - Garantie 1 an + SIM Orange 60Go","3 599,000 TND",
103,[SM-N970F/DS-WH],"Ecran Infinity 6.3’’ Dynamic AMOLED - Résolution Full HD+ 1080 x 2280 pixels - Processeur Exynos 9825 Octo-Core 2.7GHz - Android 9.0 Pie - RAM 8 Go - Mémoire 256 Go - APN: Triple capteur 12MP Dual Pixel + Ultra Grand Angle 16MP + Téléobjectif 12MP, caméra frontale 10MP Dual Pixel - WiFi - Bluetooth - NFC - Capteur d'empreintes - S Pen - Garantie 1 an + SIM Orange 60Go + Galaxy Buds Offert","3 599,000 TND",
104,[SM-G975F-WH],"Double SIM - Ecran Infinity 6.4"" QHD+ (1440 x 3040 px) Gorilla Glass 6 - Processeur Exynos 9820 Octo-Core, 2.8 Ghz - RAM 8 Go - Mémoire 128 Go - Android 9.0 Pie/ Samsung One UI - Appareils Photos: 3x Capteurs Arrière: 12+12+16 MP / 2x Capteurs Frontaux 10+8 MP - Lecteur d'empreinte ultrasonique - Reconnaissance faciale - 4G - NFC - Bluetooth 5.0 - GPS - Wifi - Batterie 4100 mAh - Garantie 1 an","3 899,000 TND",
105,[SM-G975F-BK],"Double SIM - Ecran Infinity 6.4"" QHD+ (1440 x 3040 px) Gorilla Glass 6 - Processeur Exynos 9820 Octo-Core, 2.8 Ghz - RAM 8 Go - Mémoire 128 Go - Android 9.0 Pie/ Samsung One UI - Appareils Photos: 3x Capteurs Arrière: 12+12+16 MP / 2x Capteurs Frontaux 10+8 MP - Lecteur d'empreinte ultrasonique - Reconnaissance faciale - 4G - NFC - Bluetooth 5.0 - GPS - Wifi - Batterie 4100 mAh - Garantie 1 an","3 899,000 TND",
106,[SM-G975-PB],"Double SIM - Ecran Infinity 6.4"" QHD+ (1440 x 3040 px) Gorilla Glass 6 - Processeur Exynos 9820 Octo-Core, 2.8 Ghz - RAM 8 Go - Mémoire 128 Go - Android 9.0 Pie/ Samsung One UI - Appareils Photos: 3x Capteurs Arrière: 12+12+16 MP / 2x Capteurs Frontaux 10+8 MP - Lecteur d'empreinte ultrasonique - Reconnaissance faciale - 4G - NFC - Bluetooth 5.0 - GPS - Wifi - Batterie 4100 mAh - Garantie 1 an","3 899,000 TND",
107,[IPHXR-64-RD],"Écran Liquid Retina HD 6.1"" LCD Multi-Touch IPS - Processeur A12 Bionic - RAM 3 Go - Mémoire 64 Go - Appareil photo 12 MP ( Arriére ) , 7 MP ( Frontale ) - 4G - NFC - GPS - Face ID: reconnaissance faciale - Couleur Rouge - Garantie 1 an + SIM Orange Offerte (60Go)","3 999,000 TND",
108,[P30-PRO-NC],"Double SIM - Ecran 6.47"" OLED Full HD+ - Processeur Kirin 980 Octa-core, 2x 2.6 GHz (Cortex-A76) + 2x 1.92 GHz (Cortex-A76) + 4x 1.8 GHz (Cortex-A55) - Android 9 - RAM 8 Go - Mémoire 256 Go - Caméra arrière Leica: 40MP + 20MP + 8MP - Caméra avant: 32MP - Wifi - 4G - GPS - Bluetooth - NFC - Lecteur d'empreinte digitale - Batterie 4200 mAh - Étanche IP68 - Garantie 1 an + SIM Orange Offerte (60 Go)","3 999,000 TND",
109,[P30-PRO-AU],"Double SIM - Ecran 6.47"" OLED Full HD+ - Processeur Kirin 980 Octa-core, 2x 2.6 GHz (Cortex-A76) + 2x 1.92 GHz (Cortex-A76) + 4x 1.8 GHz (Cortex-A55) - Android 9 - RAM 8 Go - Mémoire 256 Go - Caméra arrière Leica: 40MP + 20MP + 8MP - Caméra avant: 32MP - Wifi - 4G - GPS - Bluetooth - NFC - Lecteur d'empreinte digitale - Batterie 4200 mAh - Étanche IP68 - Garantie 1 an + SIM Orange Offerte (60 Go)","3 999,000 TND",
110,[IPHX-64-SL],"Ecran Super Retina 5.8"" HD OLED Multi-Touch - Processeur Bionic Hexa-Core 64 bits - RAM 3 Go - Mémoire 64 Go - Appareil photo 12 MP (Arrière), 7 MP (Frontale) - 4G - NFC - GPS - Face ID: reconnaissance faciale - Couleur Silver - Garantie 1 an + SIM Orange Offerte (60Go)","4 100,000 TND",
111,[IPHX-64-SG],"Ecran Super Retina 5.8"" HD OLED Multi-Touch - Processeur Bionic Hexa-Core 64 bits - RAM 3 Go - Mémoire 64 Go - Appareil photo 12 MP (Arrière), 7 MP (Frontale) - 4G - NFC - GPS - Face ID: reconnaissance faciale - Couleur Silver - Garantie 1 an + SIM Orange Offerte (60Go)","4 100,000 TND",
112,[SM-N975F/DS-SL],"Ecran Infinity 6.8"" Dynamic AMOLED - Quad HD+ 1440 x 3040 - Processeur Exynos 9825 Octo-Core 2.7GHz - Android 9.0 Pie - RAM 12 Go - Mémoire 256 Go - APN: Quadruple capteur 12MP Dual Pixel + Ultra Grand Angle 16MP + Téléobjectif 12MP ToF, HDR10+, caméra frontale 10MP Dual Pixel - WiFi - Bluetooth - NFC - Capteur d'empreintes - S Pen - Garantie 1 an + SIM Orange 60Go","4 199,000 TND",
113,[SM-N975F/DS-BK],"Ecran Infinity 6.8"" Dynamic AMOLED - Quad HD+ 1440 x 3040 - Processeur Exynos 9825 Octo-Core 2.7GHz - Android 9.0 Pie - RAM 12 Go - Mémoire 256 Go - APN: Quadruple capteur 12MP Dual Pixel + Ultra Grand Angle 16MP + Téléobjectif 12MP ToF, HDR10+, caméra frontale 10MP Dual Pixel - WiFi - Bluetooth - NFC - Capteur d'empreintes - S Pen - Garantie 1 an + SIM Orange 60Go","4 199,000 TND",
114,[SM-N975F/DS-WH],"Ecran Infinity 6.8"" Dynamic AMOLED - Quad HD+ 1440 x 3040 - Processeur Exynos 9825 Octo-Core 2.7GHz - Android 9.0 Pie - RAM 12 Go - Mémoire 256 Go - APN: Quadruple capteur 12MP Dual Pixel + Ultra Grand Angle 16MP + Téléobjectif 12MP ToF, HDR10+, caméra frontale 10MP Dual Pixel - WiFi - Bluetooth - NFC - Capteur d'empreintes - S Pen - Garantie 1 an + SIM Orange 60Go","4 199,000 TND",
